parameter,value,scenario,GWP,MSP,E_kWh,GWP_credited
repl,0.1,IL_A,0.20251979602690717,5.184732178919544,0.0037913611763455116,0.19894717732368145
repl,0.1,IL_B,0.20251979602690717,5.665424618773663,0.0037913611763455116,0.19894717732368145
repl,0.1,FA_A,0.14536952658789254,4.486381801638287,0.0037913611763455116,0.1417969078846668
repl,0.1,FA_B,0.14536952658789254,4.967074241492407,0.0037913611763455116,0.1417969078846668
repl,0.1,BC_A,0.18754983312603607,5.714204453651383,0.0037913611763455116,0.18397721442281034
repl,0.1,BC_B,0.18084215228719286,5.669408708264329,0.0037913611763455116,0.17726953358396713
repl,0.1,LC3_A,0.1419091796835576,4.436758417397297,0.0037913611763455116,0.13833656098033187
repl,0.1,LC3_B,0.1419091796835576,4.917450857251416,0.0037913611763455116,0.13833656098033187
repl,0.15000000000000002,IL_A,0.20429687677604205,5.184732178919544,0.005677248117881577,0.19894717732368145
repl,0.15000000000000002,IL_B,0.20429687677604205,5.665424618773663,0.005677248117881577,0.19894717732368145
repl,0.15000000000000002,FA_A,0.14714660733702742,4.486381801638287,0.005677248117881577,0.1417969078846668
repl,0.15000000000000002,FA_B,0.14714660733702742,4.967074241492407,0.005677248117881577,0.1417969078846668
repl,0.15000000000000002,BC_A,0.1818806020528706,5.759339098244378,0.005677248117881577,0.17653090260051
repl,0.15000000000000002,BC_B,0.17183640772623585,5.54540619591855,0.005677248117881577,0.16648670827387524
repl,0.15000000000000002,LC3_A,0.14368626043269248,4.436758417397297,0.005677248117881577,0.13833656098033187
repl,0.15000000000000002,LC3_B,0.14368626043269248,4.917450857251416,0.005677248117881577,0.13833656098033187
repl,0.2,IL_A,0.20606784743083653,5.184732178919544,0.007556650859341934,0.19894717732368145
repl,0.2,IL_B,0.20606784743083653,5.665424618773663,0.007556650859341934,0.19894717732368145
repl,0.2,FA_A,0.1489175779918219,4.486381801638287,0.007556650859341934,0.1417969078846668
repl,0.2,FA_B,0.1489175779918219,4.967074241492407,0.007556650859341934,0.1417969078846668
repl,0.2,BC_A,0.17623086336164182,5.787926352461788,0.007556650859341934,0.16911019325448673
repl,0.2,BC_B,0.1628616274019347,5.419883569999592,0.007556650859341934,0.1557409572947796
repl,0.2,LC3_A,0.14545723108748695,4.436758417397297,0.007556650859341934,0.13833656098033187
repl,0.2,LC3_B,0.14545723108748695,4.917450857251416,0.007556650859341934,0.13833656098033187
repl,0.25,IL_A,0.207832739449497,5.184732178919544,0.00942960278503996,0.19894717732368145
repl,0.25,IL_B,0.207832739449497,5.665424618773663,0.00942960278503996,0.19894717732368145
repl,0.25,FA_A,0.15068247001048238,4.486381801638287,0.00942960278503996,0.1417969078846668
repl,0.25,FA_B,0.15068247001048238,4.967074241492407,0.00942960278503996,0.1417969078846668
repl,0.25,BC_A,0.17060051669459092,5.805686252660914,0.00942960278503996,0.16171495456877535
repl,0.25,BC_B,0.15391765189296255,5.293520217679587,0.00942960278503996,0.145032089767147
repl,0.25,LC3_A,0.14722212310614743,4.436758417397297,0.00942960278503996,0.13833656098033187
repl,0.25,LC3_B,0.14722212310614743,4.917450857251416,0.00942960278503996,0.13833656098033187
repl,0.30000000000000004,IL_A,0.20959158407464712,5.184732178919544,0.011296137050506673,0.19894717732368145
repl,0.30000000000000004,IL_B,0.20959158407464712,5.665424618773663,0.011296137050506673,0.19894717732368145
repl,0.30000000000000004,FA_A,0.15244131463563249,4.486381801638287,0.011296137050506673,0.1417969078846668
repl,0.30000000000000004,FA_B,0.15244131463563249,4.967074241492407,0.011296137050506673,0.1417969078846668
repl,0.30000000000000004,BC_A,0.16498946238170983,5.8877859143292905,0.011296137050506673,0.15434505563074416
repl,0.30000000000000004,BC_B,0.14500432287050513,5.166672299642505,0.011296137050506673,0.13435991611953946
repl,0.30000000000000004,LC3_A,0.14898096773129754,4.436758417397297,0.011296137050506673,0.13833656098033187
repl,0.30000000000000004,LC3_B,0.14898096773129754,4.917450857251416,0.011296137050506673,0.13833656098033187
repl,0.35,IL_A,0.21134441233517126,5.184732178919544,0.013156286584447176,0.19894717732368145
repl,0.35,IL_B,0.21134441233517126,5.665424618773663,0.013156286584447176,0.19894717732368145
repl,0.35,FA_A,0.15419414289615663,4.486381801638287,0.013156286584447176,0.1417969078846668
repl,0.35,FA_B,0.15419414289615663,4.967074241492407,0.013156286584447176,0.1417969078846668
repl,0.35,BC_A,0.15939760143485993,5.893679462194707,0.013156286584447176,0.1470003664233701
repl,0.35,BC_B,0.13612148308891842,5.039554657858409,0.013156286584447176,0.1237242480774286
repl,0.35,LC3_A,0.15073379599182168,4.436758417397297,0.013156286584447176,0.13833656098033187
repl,0.35,LC3_B,0.15073379599182168,4.917450857251416,0.013156286584447176,0.13833656098033187
repl,0.4,IL_A,0.21309125504803936,5.184732178919544,0.015010084090677094,0.19894717732368145
repl,0.4,IL_B,0.21309125504803936,5.665424618773663,0.015010084090677094,0.19894717732368145
repl,0.4,FA_A,0.15594098560902475,4.486381801638287,0.015010084090677094,0.14179690788466684
repl,0.4,FA_B,0.15594098560902475,4.967074241492407,0.015010084090677094,0.14179690788466684
repl,0.4,BC_A,0.1538248355419506,5.894760762393364,0.015010084090677094,0.13968075781759268
repl,0.4,BC_B,0.12726897637648116,4.9123087850649005,0.015010084090677094,0.11312489865212323
repl,0.4,LC3_A,0.1524806387046898,4.436758417397297,0.015010084090677094,0.1383365609803319
repl,0.4,LC3_B,0.1524806387046898,4.917450857251416,0.015010084090677094,0.1383365609803319
repl,0.45000000000000007,IL_A,0.21483214282011287,5.184732178919544,0.016857562050039136,0.19894717732368145
repl,0.45000000000000007,IL_B,0.21483214282011287,5.665424618773663,0.016857562050039136,0.19894717732368145
repl,0.45000000000000007,FA_A,0.15768187338109824,4.486381801638287,0.016857562050039136,0.1417969078846668
repl,0.45000000000000007,FA_B,0.15768187338109824,4.967074241492407,0.016857562050039136,0.1417969078846668
repl,0.45000000000000007,BC_A,0.14827106706117793,5.8918955022678885,0.016857562050039136,0.1323861015647465
repl,0.45000000000000007,BC_B,0.11844664762624275,4.785033666039286,0.016857562050039136,0.10256168212981132
repl,0.45000000000000007,LC3_A,0.1542215264767633,4.436758417397297,0.016857562050039136,0.13833656098033187
repl,0.45000000000000007,LC3_B,0.1542215264767633,4.917450857251416,0.016857562050039136,0.13833656098033187
repl,0.5,IL_A,0.21656710604993235,5.184732178919544,0.01869875272230017,0.19894717732368145
repl,0.5,IL_B,0.21656710604993235,5.665424618773663,0.01869875272230017,0.19894717732368145
repl,0.5,FA_A,0.1594168366109177,4.486381801638287,0.01869875272230017,0.1417969078846668
repl,0.5,FA_B,0.1594168366109177,4.967074241492407,0.01869875272230017,0.1417969078846668
repl,0.5,BC_A,0.1427361990153221,5.885647901857123,0.01869875272230017,0.1251162702890712
repl,0.5,BC_B,0.10965434278696425,4.65795743828818,0.01869875272230017,0.09203441406071335
repl,0.5,LC3_A,0.15595648970658277,4.436758417397297,0.01869875272230017,0.13833656098033187
repl,0.5,LC3_B,0.15595648970658277,4.917450857251416,0.01869875272230017,0.13833656098033187
cao_field,0.15,IL_A,0.20429687677604205,5.184732178919544,0.005677248117881576,0.19894717732368145
cao_field,0.15,IL_B,0.20429687677604205,5.665424618773663,0.005677248117881576,0.19894717732368145
cao_field,0.15,FA_A,0.14714660733702742,4.486381801638287,0.005677248117881576,0.1417969078846668
cao_field,0.15,FA_B,0.14714660733702742,4.967074241492407,0.005677248117881576,0.1417969078846668
cao_field,0.15,BC_A,0.1629752637563227,5.821748141958319,0.005677248117881576,0.1576255643039621
cao_field,0.15,BC_B,0.1441904188320318,5.150668405111429,0.005677248117881576,0.13884071937967118
cao_field,0.15,LC3_A,0.14368626043269248,4.436758417397297,0.005677248117881576,0.13833656098033187
cao_field,0.15,LC3_B,0.14368626043269248,4.917450857251416,0.005677248117881576,0.13833656098033187
cao_field,0.2,IL_A,0.20606784743083653,5.184732178919544,0.007556650859341935,0.19894717732368145
cao_field,0.2,IL_B,0.20606784743083653,5.665424618773663,0.007556650859341935,0.19894717732368145
cao_field,0.2,FA_A,0.1489175779918219,4.486381801638287,0.007556650859341935,0.1417969078846668
cao_field,0.2,FA_B,0.1489175779918219,4.967074241492407,0.007556650859341935,0.1417969078846668
cao_field,0.2,BC_A,0.16364897175514406,5.843980442943675,0.007556650859341935,0.15652830164798898
cao_field,0.2,BC_B,0.1444626529871351,5.156105437458323,0.007556650859341935,0.13734198287998
cao_field,0.2,LC3_A,0.14545723108748695,4.436758417397297,0.007556650859341935,0.13833656098033187
cao_field,0.2,LC3_B,0.14545723108748695,4.917450857251416,0.007556650859341935,0.13833656098033187
cao_field,0.25,IL_A,0.207832739449497,5.184732178919544,0.009429602785039962,0.19894717732368145
cao_field,0.25,IL_B,0.207832739449497,5.665424618773663,0.009429602785039962,0.19894717732368145
cao_field,0.25,FA_A,0.15068247001048238,4.486381801638287,0.009429602785039962,0.1417969078846668
cao_field,0.25,FA_B,0.15068247001048238,4.967074241492407,0.009429602785039962,0.1417969078846668
cao_field,0.25,BC_A,0.1643203673351942,5.865985128090417,0.009429602785039962,0.15543480520937863
cao_field,0.25,BC_B,0.14473395273241763,5.161430452492127,0.009429602785039962,0.13584839060660206
cao_field,0.25,LC3_A,0.14722212310614743,4.436758417397297,0.009429602785039962,0.13833656098033187
cao_field,0.25,LC3_B,0.14722212310614743,4.917450857251416,0.009429602785039962,0.13833656098033187
cao_field,0.30000000000000004,IL_A,0.20959158407464712,5.184732178919544,0.011296137050506673,0.19894717732368145
cao_field,0.30000000000000004,IL_B,0.20959158407464712,5.665424618773663,0.011296137050506673,0.19894717732368145
cao_field,0.30000000000000004,FA_A,0.15244131463563249,4.486381801638287,0.011296137050506673,0.1417969078846668
cao_field,0.30000000000000004,FA_B,0.15244131463563249,4.967074241492407,0.011296137050506673,0.1417969078846668
cao_field,0.30000000000000004,BC_A,0.16498946238170983,5.8877859143292905,0.011296137050506673,0.15434505563074416
cao_field,0.30000000000000004,BC_B,0.14500432287050513,5.166672299642505,0.011296137050506673,0.13435991611953946
cao_field,0.30000000000000004,LC3_A,0.14898096773129754,4.436758417397297,0.011296137050506673,0.13833656098033187
cao_field,0.30000000000000004,LC3_B,0.14898096773129754,4.917450857251416,0.011296137050506673,0.13833656098033187
cao_field,0.35000000000000003,IL_A,0.21134441233517126,5.184732178919544,0.01315628658444718,0.19894717732368145
cao_field,0.35000000000000003,IL_B,0.21134441233517126,5.665424618773663,0.01315628658444718,0.19894717732368145
cao_field,0.35000000000000003,FA_A,0.15419414289615663,4.486381801638287,0.01315628658444718,0.1417969078846668
cao_field,0.35000000000000003,FA_B,0.15419414289615663,4.967074241492407,0.01315628658444718,0.1417969078846668
cao_field,0.35000000000000003,BC_A,0.16565626869861766,5.9093980476282955,0.01315628658444718,0.15325903368712784
cao_field,0.35000000000000003,BC_B,0.14527376817116736,5.171847890037172,0.01315628658444718,0.13287653315967754
cao_field,0.35000000000000003,LC3_A,0.15073379599182168,4.436758417397297,0.01315628658444718,0.13833656098033187
cao_field,0.35000000000000003,LC3_B,0.15073379599182168,4.917450857251416,0.01315628658444718,0.13833656098033187
cao_field,0.4,IL_A,0.21309125504803936,5.184732178919544,0.015010084090677096,0.19894717732368145
cao_field,0.4,IL_B,0.21309125504803936,5.665424618773663,0.015010084090677096,0.19894717732368145
cao_field,0.4,FA_A,0.15594098560902475,4.486381801638287,0.015010084090677096,0.14179690788466684
cao_field,0.4,FA_B,0.15594098560902475,4.967074241492407,0.015010084090677096,0.14179690788466684
cao_field,0.4,BC_A,0.1663207980092282,5.930921215225719,0.015010084090677096,0.15217672028487028
cao_field,0.4,BC_B,0.14554229337159827,5.176968135835891,0.015010084090677096,0.13139821564724036
cao_field,0.4,LC3_A,0.1524806387046898,4.436758417397297,0.015010084090677096,0.1383365609803319
cao_field,0.4,LC3_B,0.1524806387046898,4.917450857251416,0.015010084090677096,0.1383365609803319
cao_field,0.45,IL_A,0.21483214282011287,5.184732178919544,0.016857562050039136,0.19894717732368145
cao_field,0.45,IL_B,0.21483214282011287,5.665424618773663,0.016857562050039136,0.19894717732368145
cao_field,0.45,FA_A,0.15768187338109824,4.486381801638287,0.016857562050039136,0.1417969078846668
cao_field,0.45,FA_B,0.15768187338109824,4.967074241492407,0.016857562050039136,0.1417969078846668
cao_field,0.45,BC_A,0.16698306195692317,5.952352924900067,0.016857562050039136,0.15109809646049174
cao_field,0.45,BC_B,0.14580990317669418,5.182040563862664,0.016857562050039136,0.12992493768026275
cao_field,0.45,LC3_A,0.1542215264767633,4.436758417397297,0.016857562050039136,0.13833656098033187
cao_field,0.45,LC3_B,0.1542215264767633,4.917450857251416,0.016857562050039136,0.13833656098033187
util,0.8,IL_A,0.21225268576238854,5.184732178919544,0.014120171313133338,0.19894717732368145
util,0.8,IL_B,0.21225268576238854,5.665424618773663,0.014120171313133338,0.19894717732368145
util,0.8,FA_A,0.1551024163233739,4.486381801638287,0.014120171313133338,0.1417969078846668
util,0.8,FA_B,0.1551024163233739,4.967074241492407,0.014120171313133338,0.1417969078846668
util,0.8,BC_A,0.16833683638157979,5.905532355774518,0.014120171313133338,0.1550313279428727
util,0.8,BC_B,0.14835169687037508,5.184630469520546,0.014120171313133338,0.135046188431668
util,0.8,LC3_A,0.15164206941903896,4.436758417397297,0.014120171313133338,0.13833656098033187
util,0.8,LC3_B,0.15164206941903896,4.917450857251416,0.014120171313133338,0.13833656098033187
util,0.8500000000000001,IL_A,0.21147000879540576,5.184732178919544,0.013289573000596081,0.19894717732368145
util,0.8500000000000001,IL_B,0.21147000879540576,5.665424618773663,0.013289573000596081,0.19894717732368145
util,0.8500000000000001,FA_A,0.15431973935639112,4.486381801638287,0.013289573000596081,0.1417969078846668
util,0.8500000000000001,FA_B,0.15431973935639112,4.967074241492407,0.013289573000596081,0.1417969078846668
util,0.8500000000000001,BC_A,0.16735231461691216,5.900314294655389,0.013289573000596081,0.15482948314518785
util,0.8500000000000001,BC_B,0.14736717510570743,5.179357955114143,0.013289573000596081,0.13484434363398312
util,0.8500000000000001,LC3_A,0.15085939245205618,4.436758417397297,0.013289573000596081,0.13833656098033187
util,0.8500000000000001,LC3_B,0.15085939245205618,4.917450857251416,0.013289573000596081,0.13833656098033187
util,0.9,IL_A,0.21077429593586552,5.184732178919544,0.012551263389451854,0.19894717732368145
util,0.9,IL_B,0.21077429593586552,5.665424618773663,0.012551263389451854,0.19894717732368145
util,0.9,FA_A,0.1536240264968509,4.486381801638287,0.012551263389451854,0.1417969078846668
util,0.9,FA_B,0.1536240264968509,4.967074241492407,0.012551263389451854,0.1417969078846668
util,0.9,BC_A,0.1664771841594298,5.895678004310135,0.012551263389451854,0.15465006554724572
util,0.9,BC_B,0.1464920446482251,5.174665108059851,0.012551263389451854,0.13466492603604102
util,0.9,LC3_A,0.15016367959251595,4.436758417397297,0.012551263389451854,0.13833656098033187
util,0.9,LC3_B,0.15016367959251595,4.917450857251416,0.012551263389451854,0.13833656098033187
util,0.95,IL_A,0.21015181600890848,5.184732178919544,0.011890670579480705,0.19894717732368145
util,0.95,IL_B,0.21015181600890848,5.665424618773663,0.011890670579480705,0.19894717732368145
util,0.95,FA_A,0.15300154656989384,4.486381801638287,0.011890670579480705,0.1417969078846668
util,0.95,FA_B,0.15300154656989384,4.967074241492407,0.011890670579480705,0.1417969078846668
util,0.95,BC_A,0.16569417269747194,5.891526004110851,0.011890670579480705,0.1544895340122449
util,0.95,BC_B,0.14570903318626724,5.1704608595630415,0.011890670579480705,0.13450439450104024
util,0.95,LC3_A,0.1495411996655589,4.436758417397297,0.011890670579480705,0.13833656098033187
util,0.95,LC3_B,0.1495411996655589,4.917450857251416,0.011890670579480705,0.13833656098033187
util,1.0,IL_A,0.20959158407464712,5.184732178919544,0.011296137050506671,0.19894717732368145
util,1.0,IL_B,0.20959158407464712,5.665424618773663,0.011296137050506671,0.19894717732368145
util,1.0,FA_A,0.15244131463563249,4.486381801638287,0.011296137050506671,0.1417969078846668
util,1.0,FA_B,0.15244131463563249,4.967074241492407,0.011296137050506671,0.1417969078846668
util,1.0,BC_A,0.16498946238170983,5.8877859143292905,0.011296137050506671,0.15434505563074416
util,1.0,BC_B,0.14500432287050513,5.166672299642505,0.011296137050506671,0.13435991611953946
util,1.0,LC3_A,0.14898096773129754,4.436758417397297,0.011296137050506671,0.13833656098033187
util,1.0,LC3_B,0.14898096773129754,4.917450857251416,0.011296137050506671,0.13833656098033187
ce0_field,0.1,IL_A,0.21066883512923923,5.184732178919544,0.0124393454824253,0.19894717732368145
ce0_field,0.1,IL_B,0.21066883512923923,5.665424618773663,0.0124393454824253,0.19894717732368145
ce0_field,0.1,FA_A,0.15351856569022462,4.486381801638287,0.0124393454824253,0.14179690788466684
ce0_field,0.1,FA_B,0.15351856569022462,4.967074241492407,0.0124393454824253,0.14179690788466684
ce0_field,0.1,BC_A,0.1653992673947137,5.901081095572268,0.0124393454824253,0.1536776095891559
ce0_field,0.1,BC_B,0.14516991823476885,5.169858069395874,0.0124393454824253,0.13344826042921107
ce0_field,0.1,LC3_A,0.15005821878588968,4.436758417397297,0.0124393454824253,0.1383365609803319
ce0_field,0.1,LC3_B,0.15005821878588968,4.917450857251416,0.0124393454824253,0.1383365609803319
ce0_field,0.15000000000000002,IL_A,0.20984038163898644,5.184732178919544,0.011560167865033224,0.19894717732368145
ce0_field,0.15000000000000002,IL_B,0.20984038163898644,5.665424618773663,0.011560167865033224,0.19894717732368145
ce0_field,0.15000000000000002,FA_A,0.15269011219997183,4.486381801638287,0.011560167865033224,0.14179690788466684
ce0_field,0.15000000000000002,FA_B,0.15269011219997183,4.967074241492407,0.011560167865033224,0.14179690788466684
ce0_field,0.15000000000000002,BC_A,0.16508410929679504,5.890860237782198,0.011560167865033224,0.15419090498149005
ce0_field,0.15000000000000002,BC_B,0.14504256810880783,5.167409576969031,0.011560167865033224,0.13414936379350284
ce0_field,0.15000000000000002,LC3_A,0.1492297652956369,4.436758417397297,0.011560167865033224,0.1383365609803319
ce0_field,0.15000000000000002,LC3_B,0.1492297652956369,4.917450857251416,0.011560167865033224,0.1383365609803319
ce0_field,0.2,IL_A,0.20901058627427488,5.184732178919544,0.010679566213578422,0.19894717732368145
ce0_field,0.2,IL_B,0.20901058627427488,5.665424618773663,0.010679566213578422,0.19894717732368145
ce0_field,0.2,FA_A,0.15186031683526025,4.486381801638287,0.010679566213578422,0.1417969078846668
ce0_field,0.2,FA_B,0.15186031683526025,4.967074241492407,0.010679566213578422,0.1417969078846668
ce0_field,0.2,BC_A,0.16476844072652394,5.8805977183343305,0.010679566213578422,0.1547050317759305
ce0_field,0.2,BC_B,0.14491501170949128,5.164946779368652,0.010679566213578422,0.13485160275889785
ce0_field,0.2,LC3_A,0.1483999699309253,4.436758417397297,0.010679566213578422,0.13833656098033187
ce0_field,0.2,LC3_B,0.1483999699309253,4.917450857251416,0.010679566213578422,0.13833656098033187
ce0_field,0.25,IL_A,0.20817944577224212,5.184732178919544,0.009797537065421583,0.19894717732368145
ce0_field,0.25,IL_B,0.20817944577224212,5.665424618773663,0.009797537065421583,0.19894717732368145
ce0_field,0.25,FA_A,0.1510291763332275,4.486381801638287,0.009797537065421583,0.1417969078846668
ce0_field,0.25,FA_B,0.1510291763332275,4.967074241492407,0.009797537065421583,0.1417969078846668
ce0_field,0.25,BC_A,0.16445226044265082,5.870292174926737,0.009797537065421583,0.15521999199409015
ce0_field,0.25,BC_B,0.1447872485352509,5.162468235959828,0.009797537065421583,0.13555498008669026
ce0_field,0.25,LC3_A,0.14756882942889255,4.436758417397297,0.009797537065421583,0.13833656098033187
ce0_field,0.25,LC3_B,0.14756882942889255,4.917450857251416,0.009797537065421583,0.13833656098033187
ce0_field,0.30000000000000004,IL_A,0.2073469568594386,5.184732178919544,0.00891407694668809,0.19894717732368145
ce0_field,0.30000000000000004,IL_B,0.2073469568594386,5.665424618773663,0.00891407694668809,0.19894717732368145
ce0_field,0.30000000000000004,FA_A,0.15019668742042397,4.486381801638287,0.00891407694668809,0.1417969078846668
ce0_field,0.30000000000000004,FA_B,0.15019668742042397,4.967074241492407,0.00891407694668809,0.1417969078846668
ce0_field,0.30000000000000004,BC_A,0.16413556719989866,5.859941997311301,0.00891407694668809,0.1557357876641415
ce0_field,0.30000000000000004,BC_B,0.14465927808289114,5.159972161342677,0.00891407694668809,0.13625949854713398
ce0_field,0.30000000000000004,LC3_A,0.14673634051608903,4.436758417397297,0.00891407694668809,0.13833656098033187
ce0_field,0.30000000000000004,LC3_B,0.14673634051608903,4.917450857251416,0.00891407694668809,0.13833656098033187
ce0_field,0.3500000000000001,IL_A,0.20651311625178478,5.184732178919544,0.008029182372222412,0.19894717732368145
ce0_field,0.3500000000000001,IL_B,0.20651311625178478,5.665424618773663,0.008029182372222412,0.19894717732368145
ce0_field,0.3500000000000001,FA_A,0.14936284681277015,4.486381801638287,0.008029182372222412,0.1417969078846668
ce0_field,0.3500000000000001,FA_B,0.14936284681277015,4.967074241492407,0.008029182372222412,0.1417969078846668
ce0_field,0.3500000000000001,BC_A,0.16381835974894648,5.849545238489055,0.008029182372222412,0.15625242082084315
ce0_field,0.3500000000000001,BC_B,0.14453109984758225,5.157456297925809,0.008029182372222412,0.1369651609194789
ce0_field,0.3500000000000001,LC3_A,0.1459024999084352,4.436758417397297,0.008029182372222412,0.13833656098033187
ce0_field,0.3500000000000001,LC3_B,0.1459024999084352,4.917450857251416,0.008029182372222412,0.13833656098033187
ce0_field,0.4,IL_A,0.2056779206545278,5.184732178919544,0.00714284984554228,0.19894717732368145
ce0_field,0.4,IL_B,0.2056779206545278,5.665424618773663,0.00714284984554228,0.19894717732368145
ce0_field,0.4,FA_A,0.14852765121551317,4.486381801638287,0.00714284984554228,0.1417969078846668
ce0_field,0.4,FA_B,0.14852765121551317,4.967074241492407,0.00714284984554228,0.1417969078846668
ce0_field,0.4,BC_A,0.1635006368364131,5.839099479106145,0.00714284984554228,0.15676989350556675
ce0_field,0.4,BC_B,0.1444027133228537,5.154917721139544,0.00714284984554228,0.13767196999200734
ce0_field,0.4,LC3_A,0.14506730431117823,4.436758417397297,0.00714284984554228,0.13833656098033187
ce0_field,0.4,LC3_B,0.14506730431117823,4.917450857251416,0.00714284984554228,0.13833656098033187
price_rcf,0.0,IL_A,0.20959158407464712,5.184732178919544,0.011296137050506671,0.19894717732368145
price_rcf,0.0,IL_B,0.20959158407464712,5.665424618773663,0.011296137050506671,0.19894717732368145
price_rcf,0.0,FA_A,0.15244131463563249,4.486381801638287,0.011296137050506671,0.1417969078846668
price_rcf,0.0,FA_B,0.15244131463563249,4.967074241492407,0.011296137050506671,0.1417969078846668
price_rcf,0.0,BC_A,0.16498946238170983,5.8877859143292905,0.011296137050506671,0.15434505563074416
price_rcf,0.0,BC_B,0.14500432287050513,5.166672299642505,0.011296137050506671,0.13435991611953946
price_rcf,0.0,LC3_A,0.14898096773129754,4.436758417397297,0.011296137050506671,0.13833656098033187
price_rcf,0.0,LC3_B,0.14898096773129754,4.917450857251416,0.011296137050506671,0.13833656098033187
price_rcf,5.0,IL_A,0.20959158407464712,5.184732178919544,0.011296137050506671,0.19894717732368145
price_rcf,5.0,IL_B,0.20959158407464712,5.665424618773663,0.011296137050506671,0.19894717732368145
price_rcf,5.0,FA_A,0.15244131463563249,4.486381801638287,0.011296137050506671,0.1417969078846668
price_rcf,5.0,FA_B,0.15244131463563249,4.967074241492407,0.011296137050506671,0.1417969078846668
price_rcf,5.0,BC_A,0.16498946238170983,5.922486772610826,0.011296137050506671,0.15434505563074416
price_rcf,5.0,BC_B,0.14500432287050513,5.20137315792404,0.011296137050506671,0.13435991611953946
price_rcf,5.0,LC3_A,0.14898096773129754,4.436758417397297,0.011296137050506671,0.13833656098033187
price_rcf,5.0,LC3_B,0.14898096773129754,4.917450857251416,0.011296137050506671,0.13833656098033187
price_rcf,10.0,IL_A,0.20959158407464712,5.184732178919544,0.011296137050506671,0.19894717732368145
price_rcf,10.0,IL_B,0.20959158407464712,5.665424618773663,0.011296137050506671,0.19894717732368145
price_rcf,10.0,FA_A,0.15244131463563249,4.486381801638287,0.011296137050506671,0.1417969078846668
price_rcf,10.0,FA_B,0.15244131463563249,4.967074241492407,0.011296137050506671,0.1417969078846668
price_rcf,10.0,BC_A,0.16498946238170983,5.957187630892361,0.011296137050506671,0.15434505563074416
price_rcf,10.0,BC_B,0.14500432287050513,5.236074016205575,0.011296137050506671,0.13435991611953946
price_rcf,10.0,LC3_A,0.14898096773129754,4.436758417397297,0.011296137050506671,0.13833656098033187
price_rcf,10.0,LC3_B,0.14898096773129754,4.917450857251416,0.011296137050506671,0.13833656098033187
price_rcf,15.0,IL_A,0.20959158407464712,5.184732178919544,0.011296137050506671,0.19894717732368145
price_rcf,15.0,IL_B,0.20959158407464712,5.665424618773663,0.011296137050506671,0.19894717732368145
price_rcf,15.0,FA_A,0.15244131463563249,4.486381801638287,0.011296137050506671,0.1417969078846668
price_rcf,15.0,FA_B,0.15244131463563249,4.967074241492407,0.011296137050506671,0.1417969078846668
price_rcf,15.0,BC_A,0.16498946238170983,5.991888489173895,0.011296137050506671,0.15434505563074416
price_rcf,15.0,BC_B,0.14500432287050513,5.27077487448711,0.011296137050506671,0.13435991611953946
price_rcf,15.0,LC3_A,0.14898096773129754,4.436758417397297,0.011296137050506671,0.13833656098033187
price_rcf,15.0,LC3_B,0.14898096773129754,4.917450857251416,0.011296137050506671,0.13833656098033187
price_rcf,20.0,IL_A,0.20959158407464712,5.184732178919544,0.011296137050506671,0.19894717732368145
price_rcf,20.0,IL_B,0.20959158407464712,5.665424618773663,0.011296137050506671,0.19894717732368145
price_rcf,20.0,FA_A,0.15244131463563249,4.486381801638287,0.011296137050506671,0.1417969078846668
price_rcf,20.0,FA_B,0.15244131463563249,4.967074241492407,0.011296137050506671,0.1417969078846668
price_rcf,20.0,BC_A,0.16498946238170983,6.026589347455429,0.011296137050506671,0.15434505563074416
price_rcf,20.0,BC_B,0.14500432287050513,5.305475732768644,0.011296137050506671,0.13435991611953946
price_rcf,20.0,LC3_A,0.14898096773129754,4.436758417397297,0.011296137050506671,0.13833656098033187
price_rcf,20.0,LC3_B,0.14898096773129754,4.917450857251416,0.011296137050506671,0.13833656098033187
price_rcf,25.0,IL_A,0.20959158407464712,5.184732178919544,0.011296137050506671,0.19894717732368145
price_rcf,25.0,IL_B,0.20959158407464712,5.665424618773663,0.011296137050506671,0.19894717732368145
price_rcf,25.0,FA_A,0.15244131463563249,4.486381801638287,0.011296137050506671,0.1417969078846668
price_rcf,25.0,FA_B,0.15244131463563249,4.967074241492407,0.011296137050506671,0.1417969078846668
price_rcf,25.0,BC_A,0.16498946238170983,6.061290205736964,0.011296137050506671,0.15434505563074416
price_rcf,25.0,BC_B,0.14500432287050513,5.340176591050179,0.011296137050506671,0.13435991611953946
price_rcf,25.0,LC3_A,0.14898096773129754,4.436758417397297,0.011296137050506671,0.13833656098033187
price_rcf,25.0,LC3_B,0.14898096773129754,4.917450857251416,0.011296137050506671,0.13833656098033187
price_rcf,30.0,IL_A,0.20959158407464712,5.184732178919544,0.011296137050506671,0.19894717732368145
price_rcf,30.0,IL_B,0.20959158407464712,5.665424618773663,0.011296137050506671,0.19894717732368145
price_rcf,30.0,FA_A,0.15244131463563249,4.486381801638287,0.011296137050506671,0.1417969078846668
price_rcf,30.0,FA_B,0.15244131463563249,4.967074241492407,0.011296137050506671,0.1417969078846668
price_rcf,30.0,BC_A,0.16498946238170983,6.0959910640184996,0.011296137050506671,0.15434505563074416
price_rcf,30.0,BC_B,0.14500432287050513,5.374877449331714,0.011296137050506671,0.13435991611953946
price_rcf,30.0,LC3_A,0.14898096773129754,4.436758417397297,0.011296137050506671,0.13833656098033187
price_rcf,30.0,LC3_B,0.14898096773129754,4.917450857251416,0.011296137050506671,0.13833656098033187
price_ta,2.0,IL_A,0.20959158407464712,5.184732178919544,0.011296137050506671,0.19894717732368145
price_ta,2.0,IL_B,0.20959158407464712,5.665424618773663,0.011296137050506671,0.19894717732368145
price_ta,2.0,FA_A,0.15244131463563249,4.486381801638287,0.011296137050506671,0.1417969078846668
price_ta,2.0,FA_B,0.15244131463563249,4.967074241492407,0.011296137050506671,0.1417969078846668
price_ta,2.0,BC_A,0.16498946238170983,5.748996361546464,0.011296137050506671,0.15434505563074416
price_ta,2.0,BC_B,0.14500432287050513,5.02788274685968,0.011296137050506671,0.13435991611953946
price_ta,2.0,LC3_A,0.14898096773129754,4.436758417397297,0.011296137050506671,0.13833656098033187
price_ta,2.0,LC3_B,0.14898096773129754,4.917450857251416,0.011296137050506671,0.13833656098033187
price_ta,4.0,IL_A,0.20959158407464712,5.184732178919544,0.011296137050506671,0.19894717732368145
price_ta,4.0,IL_B,0.20959158407464712,5.665424618773663,0.011296137050506671,0.19894717732368145
price_ta,4.0,FA_A,0.15244131463563249,4.486381801638287,0.011296137050506671,0.1417969078846668
price_ta,4.0,FA_B,0.15244131463563249,4.967074241492407,0.011296137050506671,0.1417969078846668
price_ta,4.0,BC_A,0.16498946238170983,5.841522730068347,0.011296137050506671,0.15434505563074416
price_ta,4.0,BC_B,0.14500432287050513,5.120409115381563,0.011296137050506671,0.13435991611953946
price_ta,4.0,LC3_A,0.14898096773129754,4.436758417397297,0.011296137050506671,0.13833656098033187
price_ta,4.0,LC3_B,0.14898096773129754,4.917450857251416,0.011296137050506671,0.13833656098033187
price_ta,6.0,IL_A,0.20959158407464712,5.184732178919544,0.011296137050506671,0.19894717732368145
price_ta,6.0,IL_B,0.20959158407464712,5.665424618773663,0.011296137050506671,0.19894717732368145
price_ta,6.0,FA_A,0.15244131463563249,4.486381801638287,0.011296137050506671,0.1417969078846668
price_ta,6.0,FA_B,0.15244131463563249,4.967074241492407,0.011296137050506671,0.1417969078846668
price_ta,6.0,BC_A,0.16498946238170983,5.934049098590232,0.011296137050506671,0.15434505563074416
price_ta,6.0,BC_B,0.14500432287050513,5.212935483903448,0.011296137050506671,0.13435991611953946
price_ta,6.0,LC3_A,0.14898096773129754,4.436758417397297,0.011296137050506671,0.13833656098033187
price_ta,6.0,LC3_B,0.14898096773129754,4.917450857251416,0.011296137050506671,0.13833656098033187
price_ta,8.0,IL_A,0.20959158407464712,5.184732178919544,0.011296137050506671,0.19894717732368145
price_ta,8.0,IL_B,0.20959158407464712,5.665424618773663,0.011296137050506671,0.19894717732368145
price_ta,8.0,FA_A,0.15244131463563249,4.486381801638287,0.011296137050506671,0.1417969078846668
price_ta,8.0,FA_B,0.15244131463563249,4.967074241492407,0.011296137050506671,0.1417969078846668
price_ta,8.0,BC_A,0.16498946238170983,6.026575467112116,0.011296137050506671,0.15434505563074416
price_ta,8.0,BC_B,0.14500432287050513,5.305461852425331,0.011296137050506671,0.13435991611953946
price_ta,8.0,LC3_A,0.14898096773129754,4.436758417397297,0.011296137050506671,0.13833656098033187
price_ta,8.0,LC3_B,0.14898096773129754,4.917450857251416,0.011296137050506671,0.13833656098033187
price_ta,10.0,IL_A,0.20959158407464712,5.184732178919544,0.011296137050506671,0.19894717732368145
price_ta,10.0,IL_B,0.20959158407464712,5.665424618773663,0.011296137050506671,0.19894717732368145
price_ta,10.0,FA_A,0.15244131463563249,4.486381801638287,0.011296137050506671,0.1417969078846668
price_ta,10.0,FA_B,0.15244131463563249,4.967074241492407,0.011296137050506671,0.1417969078846668
price_ta,10.0,BC_A,0.16498946238170983,6.119101835634001,0.011296137050506671,0.15434505563074416
price_ta,10.0,BC_B,0.14500432287050513,5.397988220947216,0.011296137050506671,0.13435991611953946
price_ta,10.0,LC3_A,0.14898096773129754,4.436758417397297,0.011296137050506671,0.13833656098033187
price_ta,10.0,LC3_B,0.14898096773129754,4.917450857251416,0.011296137050506671,0.13833656098033187
price_ta,12.0,IL_A,0.20959158407464712,5.184732178919544,0.011296137050506671,0.19894717732368145
price_ta,12.0,IL_B,0.20959158407464712,5.665424618773663,0.011296137050506671,0.19894717732368145
price_ta,12.0,FA_A,0.15244131463563249,4.486381801638287,0.011296137050506671,0.1417969078846668
price_ta,12.0,FA_B,0.15244131463563249,4.967074241492407,0.011296137050506671,0.1417969078846668
price_ta,12.0,BC_A,0.16498946238170983,6.211628204155884,0.011296137050506671,0.15434505563074416
price_ta,12.0,BC_B,0.14500432287050513,5.4905145894690985,0.011296137050506671,0.13435991611953946
price_ta,12.0,LC3_A,0.14898096773129754,4.436758417397297,0.011296137050506671,0.13833656098033187
price_ta,12.0,LC3_B,0.14898096773129754,4.917450857251416,0.011296137050506671,0.13833656098033187
price_ta,14.0,IL_A,0.20959158407464712,5.184732178919544,0.011296137050506671,0.19894717732368145
price_ta,14.0,IL_B,0.20959158407464712,5.665424618773663,0.011296137050506671,0.19894717732368145
price_ta,14.0,FA_A,0.15244131463563249,4.486381801638287,0.011296137050506671,0.1417969078846668
price_ta,14.0,FA_B,0.15244131463563249,4.967074241492407,0.011296137050506671,0.1417969078846668
price_ta,14.0,BC_A,0.16498946238170983,6.304154572677769,0.011296137050506671,0.15434505563074416
price_ta,14.0,BC_B,0.14500432287050513,5.583040957990983,0.011296137050506671,0.13435991611953946
price_ta,14.0,LC3_A,0.14898096773129754,4.436758417397297,0.011296137050506671,0.13833656098033187
price_ta,14.0,LC3_B,0.14898096773129754,4.917450857251416,0.011296137050506671,0.13833656098033187
price_ta,16.0,IL_A,0.20959158407464712,5.184732178919544,0.011296137050506671,0.19894717732368145
price_ta,16.0,IL_B,0.20959158407464712,5.665424618773663,0.011296137050506671,0.19894717732368145
price_ta,16.0,FA_A,0.15244131463563249,4.486381801638287,0.011296137050506671,0.1417969078846668
price_ta,16.0,FA_B,0.15244131463563249,4.967074241492407,0.011296137050506671,0.1417969078846668
price_ta,16.0,BC_A,0.16498946238170983,6.396680941199653,0.011296137050506671,0.15434505563074416
price_ta,16.0,BC_B,0.14500432287050513,5.675567326512868,0.011296137050506671,0.13435991611953946
price_ta,16.0,LC3_A,0.14898096773129754,4.436758417397297,0.011296137050506671,0.13833656098033187
price_ta,16.0,LC3_B,0.14898096773129754,4.917450857251416,0.011296137050506671,0.13833656098033187
labor_rate,22.0,IL_A,0.20959158407464712,5.1417615409675586,0.011296137050506671,0.19894717732368145
labor_rate,22.0,IL_B,0.20959158407464712,5.604677469688227,0.011296137050506671,0.19894717732368145
labor_rate,22.0,FA_A,0.15244131463563249,4.443411163686302,0.011296137050506671,0.1417969078846668
labor_rate,22.0,FA_B,0.15244131463563249,4.906327092406972,0.011296137050506671,0.1417969078846668
labor_rate,22.0,BC_A,0.16498946238170983,5.823329957401311,0.011296137050506671,0.15434505563074416
labor_rate,22.0,BC_B,0.14500432287050513,5.085676100861924,0.011296137050506671,0.13435991611953946
labor_rate,22.0,LC3_A,0.14898096773129754,4.393787779445311,0.011296137050506671,0.13833656098033187
labor_rate,22.0,LC3_B,0.14898096773129754,4.856703708165979,0.011296137050506671,0.13833656098033187
labor_rate,24.0,IL_A,0.20959158407464712,5.1560850869515535,0.011296137050506671,0.19894717732368145
labor_rate,24.0,IL_B,0.20959158407464712,5.624926519383372,0.011296137050506671,0.19894717732368145
labor_rate,24.0,FA_A,0.15244131463563249,4.457734709670298,0.011296137050506671,0.1417969078846668
labor_rate,24.0,FA_B,0.15244131463563249,4.926576142102116,0.011296137050506671,0.1417969078846668
labor_rate,24.0,BC_A,0.16498946238170983,5.844815276377305,0.011296137050506671,0.15434505563074416
labor_rate,24.0,BC_B,0.14500432287050513,5.112674833788784,0.011296137050506671,0.13435991611953946
labor_rate,24.0,LC3_A,0.14898096773129754,4.4081113254293065,0.011296137050506671,0.13833656098033187
labor_rate,24.0,LC3_B,0.14898096773129754,4.876952757861125,0.011296137050506671,0.13833656098033187
labor_rate,26.0,IL_A,0.20959158407464712,5.170408632935549,0.011296137050506671,0.19894717732368145
labor_rate,26.0,IL_B,0.20959158407464712,5.645175569078517,0.011296137050506671,0.19894717732368145
labor_rate,26.0,FA_A,0.15244131463563249,4.472058255654292,0.011296137050506671,0.1417969078846668
labor_rate,26.0,FA_B,0.15244131463563249,4.946825191797261,0.011296137050506671,0.1417969078846668
labor_rate,26.0,BC_A,0.16498946238170983,5.866300595353298,0.011296137050506671,0.15434505563074416
labor_rate,26.0,BC_B,0.14500432287050513,5.139673566715644,0.011296137050506671,0.13435991611953946
labor_rate,26.0,LC3_A,0.14898096773129754,4.4224348714133015,0.011296137050506671,0.13833656098033187
labor_rate,26.0,LC3_B,0.14898096773129754,4.89720180755627,0.011296137050506671,0.13833656098033187
labor_rate,28.0,IL_A,0.20959158407464712,5.184732178919544,0.011296137050506671,0.19894717732368145
labor_rate,28.0,IL_B,0.20959158407464712,5.665424618773663,0.011296137050506671,0.19894717732368145
labor_rate,28.0,FA_A,0.15244131463563249,4.486381801638287,0.011296137050506671,0.1417969078846668
labor_rate,28.0,FA_B,0.15244131463563249,4.967074241492407,0.011296137050506671,0.1417969078846668
labor_rate,28.0,BC_A,0.16498946238170983,5.8877859143292905,0.011296137050506671,0.15434505563074416
labor_rate,28.0,BC_B,0.14500432287050513,5.166672299642505,0.011296137050506671,0.13435991611953946
labor_rate,28.0,LC3_A,0.14898096773129754,4.436758417397297,0.011296137050506671,0.13833656098033187
labor_rate,28.0,LC3_B,0.14898096773129754,4.917450857251416,0.011296137050506671,0.13833656098033187
labor_rate,30.0,IL_A,0.20959158407464712,5.199055724903539,0.011296137050506671,0.19894717732368145
labor_rate,30.0,IL_B,0.20959158407464712,5.685673668468808,0.011296137050506671,0.19894717732368145
labor_rate,30.0,FA_A,0.15244131463563249,4.500705347622283,0.011296137050506671,0.1417969078846668
labor_rate,30.0,FA_B,0.15244131463563249,4.987323291187552,0.011296137050506671,0.1417969078846668
labor_rate,30.0,BC_A,0.16498946238170983,5.909271233305284,0.011296137050506671,0.15434505563074416
labor_rate,30.0,BC_B,0.14500432287050513,5.193671032569366,0.011296137050506671,0.13435991611953946
labor_rate,30.0,LC3_A,0.14898096773129754,4.4510819633812915,0.011296137050506671,0.13833656098033187
labor_rate,30.0,LC3_B,0.14898096773129754,4.937699906946561,0.011296137050506671,0.13833656098033187
labor_rate,32.0,IL_A,0.20959158407464712,5.213379270887534,0.011296137050506671,0.19894717732368145
labor_rate,32.0,IL_B,0.20959158407464712,5.7059227181639525,0.011296137050506671,0.19894717732368145
labor_rate,32.0,FA_A,0.15244131463563249,4.515028893606279,0.011296137050506671,0.1417969078846668
labor_rate,32.0,FA_B,0.15244131463563249,5.007572340882698,0.011296137050506671,0.1417969078846668
labor_rate,32.0,BC_A,0.16498946238170983,5.930756552281276,0.011296137050506671,0.15434505563074416
labor_rate,32.0,BC_B,0.14500432287050513,5.220669765496226,0.011296137050506671,0.13435991611953946
labor_rate,32.0,LC3_A,0.14898096773129754,4.465405509365287,0.011296137050506671,0.13833656098033187
labor_rate,32.0,LC3_B,0.14898096773129754,4.957948956641705,0.011296137050506671,0.13833656098033187
labor_rate,34.0,IL_A,0.20959158407464712,5.22770281687153,0.011296137050506671,0.19894717732368145
labor_rate,34.0,IL_B,0.20959158407464712,5.726171767859099,0.011296137050506671,0.19894717732368145
labor_rate,34.0,FA_A,0.15244131463563249,4.529352439590275,0.011296137050506671,0.1417969078846668
labor_rate,34.0,FA_B,0.15244131463563249,5.027821390577842,0.011296137050506671,0.1417969078846668
labor_rate,34.0,BC_A,0.16498946238170983,5.95224187125727,0.011296137050506671,0.15434505563074416
labor_rate,34.0,BC_B,0.14500432287050513,5.247668498423087,0.011296137050506671,0.13435991611953946
labor_rate,34.0,LC3_A,0.14898096773129754,4.479729055349283,0.011296137050506671,0.13833656098033187
labor_rate,34.0,LC3_B,0.14898096773129754,4.978198006336852,0.011296137050506671,0.13833656098033187
labor_rate,36.0,IL_A,0.20959158407464712,5.242026362855525,0.011296137050506671,0.19894717732368145
labor_rate,36.0,IL_B,0.20959158407464712,5.7464208175542435,0.011296137050506671,0.19894717732368145
labor_rate,36.0,FA_A,0.15244131463563249,4.54367598557427,0.011296137050506671,0.1417969078846668
labor_rate,36.0,FA_B,0.15244131463563249,5.048070440272989,0.011296137050506671,0.1417969078846668
labor_rate,36.0,BC_A,0.16498946238170983,5.973727190233262,0.011296137050506671,0.15434505563074416
labor_rate,36.0,BC_B,0.14500432287050513,5.274667231349947,0.011296137050506671,0.13435991611953946
labor_rate,36.0,LC3_A,0.14898096773129754,4.494052601333278,0.011296137050506671,0.13833656098033187
labor_rate,36.0,LC3_B,0.14898096773129754,4.9984470560319965,0.011296137050506671,0.13833656098033187
ta_retained,0.33,IL_A,0.20959158407464712,5.184732178919544,0.011296137050506671,0.19894717732368145
ta_retained,0.33,IL_B,0.20959158407464712,5.665424618773663,0.011296137050506671,0.19894717732368145
ta_retained,0.33,FA_A,0.15244131463563249,4.486381801638287,0.011296137050506671,0.1417969078846668
ta_retained,0.33,FA_B,0.15244131463563249,4.967074241492407,0.011296137050506671,0.1417969078846668
ta_retained,0.33,BC_A,0.1649856739833464,5.88549565768271,0.011296137050506671,0.15434126723238073
ta_retained,0.33,BC_B,0.1450005344721417,5.164382042995925,0.011296137050506671,0.13435612772117603
ta_retained,0.33,LC3_A,0.14898096773129754,4.436758417397297,0.011296137050506671,0.13833656098033187
ta_retained,0.33,LC3_B,0.14898096773129754,4.917450857251416,0.011296137050506671,0.13833656098033187
ta_retained,0.4257142857142857,IL_A,0.20959158407464712,5.184732178919544,0.011296137050506671,0.19894717732368145
ta_retained,0.4257142857142857,IL_B,0.20959158407464712,5.665424618773663,0.011296137050506671,0.19894717732368145
ta_retained,0.4257142857142857,FA_A,0.15244131463563249,4.486381801638287,0.011296137050506671,0.1417969078846668
ta_retained,0.4257142857142857,FA_B,0.15244131463563249,4.967074241492407,0.011296137050506671,0.1417969078846668
ta_retained,0.4257142857142857,BC_A,0.16509555393587896,5.951923014964504,0.011296137050506671,0.1544511471849133
ta_retained,0.4257142857142857,BC_B,0.14511041442467426,5.230809400277719,0.011296137050506671,0.1344660076737086
ta_retained,0.4257142857142857,LC3_A,0.14898096773129754,4.436758417397297,0.011296137050506671,0.13833656098033187
ta_retained,0.4257142857142857,LC3_B,0.14898096773129754,4.917450857251416,0.011296137050506671,0.13833656098033187
ta_retained,0.5214285714285715,IL_A,0.20959158407464712,5.184732178919544,0.011296137050506671,0.19894717732368145
ta_retained,0.5214285714285715,IL_B,0.20959158407464712,5.665424618773663,0.011296137050506671,0.19894717732368145
ta_retained,0.5214285714285715,FA_A,0.15244131463563249,4.486381801638287,0.011296137050506671,0.1417969078846668
ta_retained,0.5214285714285715,FA_B,0.15244131463563249,4.967074241492407,0.011296137050506671,0.1417969078846668
ta_retained,0.5214285714285715,BC_A,0.16520543388841152,6.0183503722462985,0.011296137050506671,0.15456102713744585
ta_retained,0.5214285714285715,BC_B,0.14522029437720682,5.297236757559514,0.011296137050506671,0.13457588762624115
ta_retained,0.5214285714285715,LC3_A,0.14898096773129754,4.436758417397297,0.011296137050506671,0.13833656098033187
ta_retained,0.5214285714285715,LC3_B,0.14898096773129754,4.917450857251416,0.011296137050506671,0.13833656098033187
ta_retained,0.6171428571428572,IL_A,0.20959158407464712,5.184732178919544,0.011296137050506671,0.19894717732368145
ta_retained,0.6171428571428572,IL_B,0.20959158407464712,5.665424618773663,0.011296137050506671,0.19894717732368145
ta_retained,0.6171428571428572,FA_A,0.15244131463563249,4.486381801638287,0.011296137050506671,0.1417969078846668
ta_retained,0.6171428571428572,FA_B,0.15244131463563249,4.967074241492407,0.011296137050506671,0.1417969078846668
ta_retained,0.6171428571428572,BC_A,0.16531531384094408,6.084777729528094,0.011296137050506671,0.1546709070899784
ta_retained,0.6171428571428572,BC_B,0.14533017432973938,5.363664114841309,0.011296137050506671,0.1346857675787737
ta_retained,0.6171428571428572,LC3_A,0.14898096773129754,4.436758417397297,0.011296137050506671,0.13833656098033187
ta_retained,0.6171428571428572,LC3_B,0.14898096773129754,4.917450857251416,0.011296137050506671,0.13833656098033187
ta_retained,0.7128571428571429,IL_A,0.20959158407464712,5.184732178919544,0.011296137050506671,0.19894717732368145
ta_retained,0.7128571428571429,IL_B,0.20959158407464712,5.665424618773663,0.011296137050506671,0.19894717732368145
ta_retained,0.7128571428571429,FA_A,0.15244131463563249,4.486381801638287,0.011296137050506671,0.1417969078846668
ta_retained,0.7128571428571429,FA_B,0.15244131463563249,4.967074241492407,0.011296137050506671,0.1417969078846668
ta_retained,0.7128571428571429,BC_A,0.16542519379347662,6.15120508680989,0.011296137050506671,0.15478078704251094
ta_retained,0.7128571428571429,BC_B,0.1454400542822719,5.430091472123104,0.011296137050506671,0.13479564753130624
ta_retained,0.7128571428571429,LC3_A,0.14898096773129754,4.436758417397297,0.011296137050506671,0.13833656098033187
ta_retained,0.7128571428571429,LC3_B,0.14898096773129754,4.917450857251416,0.011296137050506671,0.13833656098033187
ta_retained,0.8085714285714285,IL_A,0.20959158407464712,5.184732178919544,0.011296137050506671,0.19894717732368145
ta_retained,0.8085714285714285,IL_B,0.20959158407464712,5.665424618773663,0.011296137050506671,0.19894717732368145
ta_retained,0.8085714285714285,FA_A,0.15244131463563249,4.486381801638287,0.011296137050506671,0.1417969078846668
ta_retained,0.8085714285714285,FA_B,0.15244131463563249,4.967074241492407,0.011296137050506671,0.1417969078846668
ta_retained,0.8085714285714285,BC_A,0.16553507374600918,6.2176324440916835,0.011296137050506671,0.1548906669950435
ta_retained,0.8085714285714285,BC_B,0.14554993423480447,5.4965188294048986,0.011296137050506671,0.1349055274838388
ta_retained,0.8085714285714285,LC3_A,0.14898096773129754,4.436758417397297,0.011296137050506671,0.13833656098033187
ta_retained,0.8085714285714285,LC3_B,0.14898096773129754,4.917450857251416,0.011296137050506671,0.13833656098033187
ta_retained,0.9042857142857144,IL_A,0.20959158407464712,5.184732178919544,0.011296137050506671,0.19894717732368145
ta_retained,0.9042857142857144,IL_B,0.20959158407464712,5.665424618773663,0.011296137050506671,0.19894717732368145
ta_retained,0.9042857142857144,FA_A,0.15244131463563249,4.486381801638287,0.011296137050506671,0.1417969078846668
ta_retained,0.9042857142857144,FA_B,0.15244131463563249,4.967074241492407,0.011296137050506671,0.1417969078846668
ta_retained,0.9042857142857144,BC_A,0.16564495369854174,6.284059801373479,0.011296137050506671,0.15500054694757606
ta_retained,0.9042857142857144,BC_B,0.14565981418733703,5.562946186686694,0.011296137050506671,0.13501540743637136
ta_retained,0.9042857142857144,LC3_A,0.14898096773129754,4.436758417397297,0.011296137050506671,0.13833656098033187
ta_retained,0.9042857142857144,LC3_B,0.14898096773129754,4.917450857251416,0.011296137050506671,0.13833656098033187
ta_retained,1.0,IL_A,0.20959158407464712,5.184732178919544,0.011296137050506671,0.19894717732368145
ta_retained,1.0,IL_B,0.20959158407464712,5.665424618773663,0.011296137050506671,0.19894717732368145
ta_retained,1.0,FA_A,0.15244131463563249,4.486381801638287,0.011296137050506671,0.1417969078846668
ta_retained,1.0,FA_B,0.15244131463563249,4.967074241492407,0.011296137050506671,0.1417969078846668
ta_retained,1.0,BC_A,0.1657548336510743,6.350487158655274,0.011296137050506671,0.15511042690010862
ta_retained,1.0,BC_B,0.1457696941398696,5.629373543968489,0.011296137050506671,0.13512528738890392
ta_retained,1.0,LC3_A,0.14898096773129754,4.436758417397297,0.011296137050506671,0.13833656098033187
ta_retained,1.0,LC3_B,0.14898096773129754,4.917450857251416,0.011296137050506671,0.13833656098033187
price_il,140.0,IL_A,0.20959158407464712,4.71724857796814,0.011296137050506671,0.19894717732368145
price_il,140.0,IL_B,0.20959158407464712,5.197941017822258,0.011296137050506671,0.19894717732368145
price_il,140.0,FA_A,0.15244131463563249,4.159143280972305,0.011296137050506671,0.1417969078846668
price_il,140.0,FA_B,0.15244131463563249,4.639835720826424,0.011296137050506671,0.1417969078846668
price_il,140.0,BC_A,0.16498946238170983,5.563911237034967,0.011296137050506671,0.15434505563074416
price_il,140.0,BC_B,0.14500432287050513,4.842797622348181,0.011296137050506671,0.13435991611953946
price_il,140.0,LC3_A,0.14898096773129754,4.0627715366361725,0.011296137050506671,0.13833656098033187
price_il,140.0,LC3_B,0.14898096773129754,4.543463976490291,0.011296137050506671,0.13833656098033187
price_il,150.0,IL_A,0.20959158407464712,4.950990378443842,0.011296137050506671,0.19894717732368145
price_il,150.0,IL_B,0.20959158407464712,5.43168281829796,0.011296137050506671,0.19894717732368145
price_il,150.0,FA_A,0.15244131463563249,4.322762541305297,0.011296137050506671,0.1417969078846668
price_il,150.0,FA_B,0.15244131463563249,4.803454981159415,0.011296137050506671,0.1417969078846668
price_il,150.0,BC_A,0.16498946238170983,5.72584857568213,0.011296137050506671,0.15434505563074416
price_il,150.0,BC_B,0.14500432287050513,5.004734960995344,0.011296137050506671,0.13435991611953946
price_il,150.0,LC3_A,0.14898096773129754,4.249764977016736,0.011296137050506671,0.13833656098033187
price_il,150.0,LC3_B,0.14898096773129754,4.730457416870855,0.011296137050506671,0.13833656098033187
price_il,160.0,IL_A,0.20959158407464712,5.184732178919544,0.011296137050506671,0.19894717732368145
price_il,160.0,IL_B,0.20959158407464712,5.665424618773663,0.011296137050506671,0.19894717732368145
price_il,160.0,FA_A,0.15244131463563249,4.486381801638287,0.011296137050506671,0.1417969078846668
price_il,160.0,FA_B,0.15244131463563249,4.967074241492407,0.011296137050506671,0.1417969078846668
price_il,160.0,BC_A,0.16498946238170983,5.8877859143292905,0.011296137050506671,0.15434505563074416
price_il,160.0,BC_B,0.14500432287050513,5.166672299642505,0.011296137050506671,0.13435991611953946
price_il,160.0,LC3_A,0.14898096773129754,4.436758417397297,0.011296137050506671,0.13833656098033187
price_il,160.0,LC3_B,0.14898096773129754,4.917450857251416,0.011296137050506671,0.13833656098033187
price_il,170.0,IL_A,0.20959158407464712,5.418473979395246,0.011296137050506671,0.19894717732368145
price_il,170.0,IL_B,0.20959158407464712,5.899166419249364,0.011296137050506671,0.19894717732368145
price_il,170.0,FA_A,0.15244131463563249,4.650001061971279,0.011296137050506671,0.1417969078846668
price_il,170.0,FA_B,0.15244131463563249,5.130693501825399,0.011296137050506671,0.1417969078846668
price_il,170.0,BC_A,0.16498946238170983,6.049723252976453,0.011296137050506671,0.15434505563074416
price_il,170.0,BC_B,0.14500432287050513,5.3286096382896675,0.011296137050506671,0.13435991611953946
price_il,170.0,LC3_A,0.14898096773129754,4.62375185777786,0.011296137050506671,0.13833656098033187
price_il,170.0,LC3_B,0.14898096773129754,5.104444297631978,0.011296137050506671,0.13833656098033187
price_il,180.0,IL_A,0.20959158407464712,5.652215779870949,0.011296137050506671,0.19894717732368145
price_il,180.0,IL_B,0.20959158407464712,6.132908219725067,0.011296137050506671,0.19894717732368145
price_il,180.0,FA_A,0.15244131463563249,4.813620322304272,0.011296137050506671,0.1417969078846668
price_il,180.0,FA_B,0.15244131463563249,5.294312762158391,0.011296137050506671,0.1417969078846668
price_il,180.0,BC_A,0.16498946238170983,6.211660591623615,0.011296137050506671,0.15434505563074416
price_il,180.0,BC_B,0.14500432287050513,5.490546976936829,0.011296137050506671,0.13435991611953946
price_il,180.0,LC3_A,0.14898096773129754,4.8107452981584204,0.011296137050506671,0.13833656098033187
price_il,180.0,LC3_B,0.14898096773129754,5.291437738012538,0.011296137050506671,0.13833656098033187
price_fa,40.0,IL_A,0.20959158407464712,5.184732178919544,0.011296137050506671,0.19894717732368145
price_fa,40.0,IL_B,0.20959158407464712,5.665424618773663,0.011296137050506671,0.19894717732368145
price_fa,40.0,FA_A,0.15244131463563249,4.346136721352867,0.011296137050506671,0.1417969078846668
price_fa,40.0,FA_B,0.15244131463563249,4.826829161206985,0.011296137050506671,0.1417969078846668
price_fa,40.0,BC_A,0.16498946238170983,5.8877859143292905,0.011296137050506671,0.15434505563074416
price_fa,40.0,BC_B,0.14500432287050513,5.166672299642505,0.011296137050506671,0.13435991611953946
price_fa,40.0,LC3_A,0.14898096773129754,4.436758417397297,0.011296137050506671,0.13833656098033187
price_fa,40.0,LC3_B,0.14898096773129754,4.917450857251416,0.011296137050506671,0.13833656098033187
price_fa,50.0,IL_A,0.20959158407464712,5.184732178919544,0.011296137050506671,0.19894717732368145
price_fa,50.0,IL_B,0.20959158407464712,5.665424618773663,0.011296137050506671,0.19894717732368145
price_fa,50.0,FA_A,0.15244131463563249,4.416259261495577,0.011296137050506671,0.1417969078846668
price_fa,50.0,FA_B,0.15244131463563249,4.896951701349696,0.011296137050506671,0.1417969078846668
price_fa,50.0,BC_A,0.16498946238170983,5.8877859143292905,0.011296137050506671,0.15434505563074416
price_fa,50.0,BC_B,0.14500432287050513,5.166672299642505,0.011296137050506671,0.13435991611953946
price_fa,50.0,LC3_A,0.14898096773129754,4.436758417397297,0.011296137050506671,0.13833656098033187
price_fa,50.0,LC3_B,0.14898096773129754,4.917450857251416,0.011296137050506671,0.13833656098033187
price_fa,60.0,IL_A,0.20959158407464712,5.184732178919544,0.011296137050506671,0.19894717732368145
price_fa,60.0,IL_B,0.20959158407464712,5.665424618773663,0.011296137050506671,0.19894717732368145
price_fa,60.0,FA_A,0.15244131463563249,4.486381801638287,0.011296137050506671,0.1417969078846668
price_fa,60.0,FA_B,0.15244131463563249,4.967074241492407,0.011296137050506671,0.1417969078846668
price_fa,60.0,BC_A,0.16498946238170983,5.8877859143292905,0.011296137050506671,0.15434505563074416
price_fa,60.0,BC_B,0.14500432287050513,5.166672299642505,0.011296137050506671,0.13435991611953946
price_fa,60.0,LC3_A,0.14898096773129754,4.436758417397297,0.011296137050506671,0.13833656098033187
price_fa,60.0,LC3_B,0.14898096773129754,4.917450857251416,0.011296137050506671,0.13833656098033187
price_fa,70.0,IL_A,0.20959158407464712,5.184732178919544,0.011296137050506671,0.19894717732368145
price_fa,70.0,IL_B,0.20959158407464712,5.665424618773663,0.011296137050506671,0.19894717732368145
price_fa,70.0,FA_A,0.15244131463563249,4.5565043417809985,0.011296137050506671,0.1417969078846668
price_fa,70.0,FA_B,0.15244131463563249,5.037196781635117,0.011296137050506671,0.1417969078846668
price_fa,70.0,BC_A,0.16498946238170983,5.8877859143292905,0.011296137050506671,0.15434505563074416
price_fa,70.0,BC_B,0.14500432287050513,5.166672299642505,0.011296137050506671,0.13435991611953946
price_fa,70.0,LC3_A,0.14898096773129754,4.436758417397297,0.011296137050506671,0.13833656098033187
price_fa,70.0,LC3_B,0.14898096773129754,4.917450857251416,0.011296137050506671,0.13833656098033187
price_fa,80.0,IL_A,0.20959158407464712,5.184732178919544,0.011296137050506671,0.19894717732368145
price_fa,80.0,IL_B,0.20959158407464712,5.665424618773663,0.011296137050506671,0.19894717732368145
price_fa,80.0,FA_A,0.15244131463563249,4.62662688192371,0.011296137050506671,0.1417969078846668
price_fa,80.0,FA_B,0.15244131463563249,5.107319321777829,0.011296137050506671,0.1417969078846668
price_fa,80.0,BC_A,0.16498946238170983,5.8877859143292905,0.011296137050506671,0.15434505563074416
price_fa,80.0,BC_B,0.14500432287050513,5.166672299642505,0.011296137050506671,0.13435991611953946
price_fa,80.0,LC3_A,0.14898096773129754,4.436758417397297,0.011296137050506671,0.13833656098033187
price_fa,80.0,LC3_B,0.14898096773129754,4.917450857251416,0.011296137050506671,0.13833656098033187
price_fa,90.0,IL_A,0.20959158407464712,5.184732178919544,0.011296137050506671,0.19894717732368145
price_fa,90.0,IL_B,0.20959158407464712,5.665424618773663,0.011296137050506671,0.19894717732368145
price_fa,90.0,FA_A,0.15244131463563249,4.6967494220664205,0.011296137050506671,0.1417969078846668
price_fa,90.0,FA_B,0.15244131463563249,5.177441861920539,0.011296137050506671,0.1417969078846668
price_fa,90.0,BC_A,0.16498946238170983,5.8877859143292905,0.011296137050506671,0.15434505563074416
price_fa,90.0,BC_B,0.14500432287050513,5.166672299642505,0.011296137050506671,0.13435991611953946
price_fa,90.0,LC3_A,0.14898096773129754,4.436758417397297,0.011296137050506671,0.13833656098033187
price_fa,90.0,LC3_B,0.14898096773129754,4.917450857251416,0.011296137050506671,0.13833656098033187
price_lc3_factor,0.8,IL_A,0.20959158407464712,5.184732178919544,0.011296137050506671,0.19894717732368145
price_lc3_factor,0.8,IL_B,0.20959158407464712,5.665424618773663,0.011296137050506671,0.19894717732368145
price_lc3_factor,0.8,FA_A,0.15244131463563249,4.486381801638287,0.011296137050506671,0.1417969078846668
price_lc3_factor,0.8,FA_B,0.15244131463563249,4.967074241492407,0.011296137050506671,0.1417969078846668
price_lc3_factor,0.8,BC_A,0.16498946238170983,5.8877859143292905,0.011296137050506671,0.15434505563074416
price_lc3_factor,0.8,BC_B,0.14500432287050513,5.166672299642505,0.011296137050506671,0.13435991611953946
price_lc3_factor,0.8,LC3_A,0.14898096773129754,4.436758417397297,0.011296137050506671,0.13833656098033187
price_lc3_factor,0.8,LC3_B,0.14898096773129754,4.917450857251416,0.011296137050506671,0.13833656098033187
price_lc3_factor,0.9,IL_A,0.20959158407464712,5.184732178919544,0.011296137050506671,0.19894717732368145
price_lc3_factor,0.9,IL_B,0.20959158407464712,5.665424618773663,0.011296137050506671,0.19894717732368145
price_lc3_factor,0.9,FA_A,0.15244131463563249,4.486381801638287,0.011296137050506671,0.1417969078846668
price_lc3_factor,0.9,FA_B,0.15244131463563249,4.967074241492407,0.011296137050506671,0.1417969078846668
price_lc3_factor,0.9,BC_A,0.16498946238170983,5.8877859143292905,0.011296137050506671,0.15434505563074416
price_lc3_factor,0.9,BC_B,0.14500432287050513,5.166672299642505,0.011296137050506671,0.13435991611953946
price_lc3_factor,0.9,LC3_A,0.14898096773129754,4.8107452981584204,0.011296137050506671,0.13833656098033187
price_lc3_factor,0.9,LC3_B,0.14898096773129754,5.291437738012538,0.011296137050506671,0.13833656098033187
price_lc3_factor,1.0,IL_A,0.20959158407464712,5.184732178919544,0.011296137050506671,0.19894717732368145
price_lc3_factor,1.0,IL_B,0.20959158407464712,5.665424618773663,0.011296137050506671,0.19894717732368145
price_lc3_factor,1.0,FA_A,0.15244131463563249,4.486381801638287,0.011296137050506671,0.1417969078846668
price_lc3_factor,1.0,FA_B,0.15244131463563249,4.967074241492407,0.011296137050506671,0.1417969078846668
price_lc3_factor,1.0,BC_A,0.16498946238170983,5.8877859143292905,0.011296137050506671,0.15434505563074416
price_lc3_factor,1.0,BC_B,0.14500432287050513,5.166672299642505,0.011296137050506671,0.13435991611953946
price_lc3_factor,1.0,LC3_A,0.14898096773129754,5.184732178919544,0.011296137050506671,0.13833656098033187
price_lc3_factor,1.0,LC3_B,0.14898096773129754,5.665424618773663,0.011296137050506671,0.13833656098033187
price_lc3_factor,1.15,IL_A,0.20959158407464712,5.184732178919544,0.011296137050506671,0.19894717732368145
price_lc3_factor,1.15,IL_B,0.20959158407464712,5.665424618773663,0.011296137050506671,0.19894717732368145
price_lc3_factor,1.15,FA_A,0.15244131463563249,4.486381801638287,0.011296137050506671,0.1417969078846668
price_lc3_factor,1.15,FA_B,0.15244131463563249,4.967074241492407,0.011296137050506671,0.1417969078846668
price_lc3_factor,1.15,BC_A,0.16498946238170983,5.8877859143292905,0.011296137050506671,0.15434505563074416
price_lc3_factor,1.15,BC_B,0.14500432287050513,5.166672299642505,0.011296137050506671,0.13435991611953946
price_lc3_factor,1.15,LC3_A,0.14898096773129754,5.745712500061231,0.011296137050506671,0.13833656098033187
price_lc3_factor,1.15,LC3_B,0.14898096773129754,6.226404939915349,0.011296137050506671,0.13833656098033187
price_co2,0.0,IL_A,0.20959158407464712,5.184732178919544,0.011296137050506671,0.19894717732368145
price_co2,0.0,IL_B,0.20959158407464712,5.665424618773663,0.011296137050506671,0.19894717732368145
price_co2,0.0,FA_A,0.15244131463563249,4.486381801638287,0.011296137050506671,0.1417969078846668
price_co2,0.0,FA_B,0.15244131463563249,4.967074241492407,0.011296137050506671,0.1417969078846668
price_co2,0.0,BC_A,0.16498946238170983,5.825532982963203,0.011296137050506671,0.15434505563074416
price_co2,0.0,BC_B,0.14500432287050513,5.104419368276418,0.011296137050506671,0.13435991611953946
price_co2,0.0,LC3_A,0.14898096773129754,4.436758417397297,0.011296137050506671,0.13833656098033187
price_co2,0.0,LC3_B,0.14898096773129754,4.917450857251416,0.011296137050506671,0.13833656098033187
price_co2,20.0,IL_A,0.20959158407464712,5.184732178919544,0.011296137050506671,0.19894717732368145
price_co2,20.0,IL_B,0.20959158407464712,5.665424618773663,0.011296137050506671,0.19894717732368145
price_co2,20.0,FA_A,0.15244131463563249,4.486381801638287,0.011296137050506671,0.1417969078846668
price_co2,20.0,FA_B,0.15244131463563249,4.967074241492407,0.011296137050506671,0.1417969078846668
price_co2,20.0,BC_A,0.16498946238170983,5.846283960085232,0.011296137050506671,0.15434505563074416
price_co2,20.0,BC_B,0.14500432287050513,5.125170345398447,0.011296137050506671,0.13435991611953946
price_co2,20.0,LC3_A,0.14898096773129754,4.436758417397297,0.011296137050506671,0.13833656098033187
price_co2,20.0,LC3_B,0.14898096773129754,4.917450857251416,0.011296137050506671,0.13833656098033187
price_co2,40.0,IL_A,0.20959158407464712,5.184732178919544,0.011296137050506671,0.19894717732368145
price_co2,40.0,IL_B,0.20959158407464712,5.665424618773663,0.011296137050506671,0.19894717732368145
price_co2,40.0,FA_A,0.15244131463563249,4.486381801638287,0.011296137050506671,0.1417969078846668
price_co2,40.0,FA_B,0.15244131463563249,4.967074241492407,0.011296137050506671,0.1417969078846668
price_co2,40.0,BC_A,0.16498946238170983,5.867034937207261,0.011296137050506671,0.15434505563074416
price_co2,40.0,BC_B,0.14500432287050513,5.1459213225204765,0.011296137050506671,0.13435991611953946
price_co2,40.0,LC3_A,0.14898096773129754,4.436758417397297,0.011296137050506671,0.13833656098033187
price_co2,40.0,LC3_B,0.14898096773129754,4.917450857251416,0.011296137050506671,0.13833656098033187
price_co2,60.0,IL_A,0.20959158407464712,5.184732178919544,0.011296137050506671,0.19894717732368145
price_co2,60.0,IL_B,0.20959158407464712,5.665424618773663,0.011296137050506671,0.19894717732368145
price_co2,60.0,FA_A,0.15244131463563249,4.486381801638287,0.011296137050506671,0.1417969078846668
price_co2,60.0,FA_B,0.15244131463563249,4.967074241492407,0.011296137050506671,0.1417969078846668
price_co2,60.0,BC_A,0.16498946238170983,5.8877859143292905,0.011296137050506671,0.15434505563074416
price_co2,60.0,BC_B,0.14500432287050513,5.166672299642505,0.011296137050506671,0.13435991611953946
price_co2,60.0,LC3_A,0.14898096773129754,4.436758417397297,0.011296137050506671,0.13833656098033187
price_co2,60.0,LC3_B,0.14898096773129754,4.917450857251416,0.011296137050506671,0.13833656098033187
price_co2,80.0,IL_A,0.20959158407464712,5.184732178919544,0.011296137050506671,0.19894717732368145
price_co2,80.0,IL_B,0.20959158407464712,5.665424618773663,0.011296137050506671,0.19894717732368145
price_co2,80.0,FA_A,0.15244131463563249,4.486381801638287,0.011296137050506671,0.1417969078846668
price_co2,80.0,FA_B,0.15244131463563249,4.967074241492407,0.011296137050506671,0.1417969078846668
price_co2,80.0,BC_A,0.16498946238170983,5.90853689145132,0.011296137050506671,0.15434505563074416
price_co2,80.0,BC_B,0.14500432287050513,5.187423276764535,0.011296137050506671,0.13435991611953946
price_co2,80.0,LC3_A,0.14898096773129754,4.436758417397297,0.011296137050506671,0.13833656098033187
price_co2,80.0,LC3_B,0.14898096773129754,4.917450857251416,0.011296137050506671,0.13833656098033187
price_co2,100.0,IL_A,0.20959158407464712,5.184732178919544,0.011296137050506671,0.19894717732368145
price_co2,100.0,IL_B,0.20959158407464712,5.665424618773663,0.011296137050506671,0.19894717732368145
price_co2,100.0,FA_A,0.15244131463563249,4.486381801638287,0.011296137050506671,0.1417969078846668
price_co2,100.0,FA_B,0.15244131463563249,4.967074241492407,0.011296137050506671,0.1417969078846668
price_co2,100.0,BC_A,0.16498946238170983,5.929287868573349,0.011296137050506671,0.15434505563074416
price_co2,100.0,BC_B,0.14500432287050513,5.208174253886565,0.011296137050506671,0.13435991611953946
price_co2,100.0,LC3_A,0.14898096773129754,4.436758417397297,0.011296137050506671,0.13833656098033187
price_co2,100.0,LC3_B,0.14898096773129754,4.917450857251416,0.011296137050506671,0.13833656098033187
price_co2,120.0,IL_A,0.20959158407464712,5.184732178919544,0.011296137050506671,0.19894717732368145
price_co2,120.0,IL_B,0.20959158407464712,5.665424618773663,0.011296137050506671,0.19894717732368145
price_co2,120.0,FA_A,0.15244131463563249,4.486381801638287,0.011296137050506671,0.1417969078846668
price_co2,120.0,FA_B,0.15244131463563249,4.967074241492407,0.011296137050506671,0.1417969078846668
price_co2,120.0,BC_A,0.16498946238170983,5.950038845695379,0.011296137050506671,0.15434505563074416
price_co2,120.0,BC_B,0.14500432287050513,5.228925231008595,0.011296137050506671,0.13435991611953946
price_co2,120.0,LC3_A,0.14898096773129754,4.436758417397297,0.011296137050506671,0.13833656098033187
price_co2,120.0,LC3_B,0.14898096773129754,4.917450857251416,0.011296137050506671,0.13833656098033187
